"id";"categorie";"genre";"nom";"sous_type";"matiere";"saisons";"suggestion_automatique(a verifier)";"manches (sans / courtes / longues)"
"548";"combinaisons";"femme";"Combinaison pantalon fluide";"Combinaison";"Lin / viscose";"Été, Printemps";"";""
"572";"combinaisons";"homme";"Combinaison pantalon utilitaire légère";"Combinaison";"Lin / coton";"Été";"";""
"573";"combinaisons";"homme";"Combishort fluide à col chemise";"Combishort";"Lin";"Été";"longues";""
"663";"combinaisons";"femme";"Combinaison pantalon droite";"Combinaison";"Lin / viscose";"Été, Printemps";"";""
"448";"hauts";"femme";"T-shirt basique blanc";"T-shirt";"Coton";"Hiver, Printemps, Été, Automne";"courtes";""
"449";"hauts";"femme";"T-shirt basique noir";"T-shirt";"Coton";"Hiver, Printemps";"courtes";""
"450";"hauts";"unisexe";"Débardeur côte / fin";"Débardeur";"";"Printemps, Été";"sans";""
"451";"hauts";"unisexe";"T-shirt coton col rond";"T-shirt col rond";"";"Toutes saisons";"courtes";""
"452";"hauts";"femme";"Chemise oversize";"Chemise";"Lin";"Printemps, Été, Automne, Hiver";"longues";""
"453";"hauts";"femme";"Top sans manches en maille interlock avec basque";"Top sans manches maille";"Polyester";"Printemps, Été";"sans";""
"491";"hauts";"femme";"Brassière de sport / Top respirant";"Brassière de sport";"";"Toutes saisons";"sans";""
"501";"hauts";"homme";"T-shirt basique blanc";"T-shirt";"Coton";"Hiver, Printemps";"courtes";""
"502";"hauts";"homme";"T-shirt basique noir";"T-shirt";"Coton";"Printemps, Été, Automne, Hiver";"courtes";""
"521";"hauts";"homme";"T-shirt technique / Débardeur sport";"T-shirt technique";"";"Toutes saisons";"sans";""
"526";"hauts";"femme";"Chemise blanche";"Chemise";"Lin";"Toutes saisons";"longues";""
"527";"hauts";"homme";"Chemise oversize";"Chemise";"Lin";"Printemps, Été";"longues";""
"528";"hauts";"homme";"Chemise blanche";"Chemise";"Lin";"Toutes saisons";"longues";""
"529";"hauts";"femme";"Débardeur côtelé";"Débardeur";"Coton";"Été, Printemps";"sans";""
"530";"hauts";"femme";"T-shirt ample";"T-shirt";"Coton";"Été, Automne, Hiver, Printemps";"courtes";""
"531";"hauts";"femme";"Caraco fluide";"Caraco";"Viscose";"Été";"sans";""
"532";"hauts";"femme";"Top crochet ajouré";"Top";"Coton";"Été, Printemps";"";""
"533";"hauts";"femme";"Blouse légère brodée";"Blouse";"Gaze de coton";"Été, Automne, Hiver, Printemps";"";""
"534";"hauts";"femme";"Chemise oversize en lin";"Chemise";"Lin";"Printemps, Été, Automne, Hiver";"longues";""
"535";"hauts";"femme";"Top imprimé floral";"Top";"Viscose";"Été";"";""
"536";"hauts";"femme";"Blouse fluide imprimée paisley";"Blouse";"Viscose";"Été, Automne, Hiver";"";""
"559";"hauts";"homme";"T-shirt col rond";"T-shirt";"Coton";"Été, Printemps";"courtes";""
"560";"hauts";"homme";"T-shirt ample";"T-shirt";"Coton";"Été";"courtes";""
"561";"hauts";"homme";"Débardeur épuré";"Débardeur";"Coton";"Été";"sans";""
"562";"hauts";"homme";"Chemise en lin manches longues";"Chemise";"Lin";"Été, Automne, Hiver, Printemps";"longues";""
"563";"hauts";"homme";"Chemise manches courtes en lin";"Chemise";"Lin";"Été";"longues";""
"564";"hauts";"homme";"Chemise col mao";"Chemise";"Lin / coton";"Été, Automne, Hiver, Printemps";"longues";""
"565";"hauts";"homme";"Chemise imprimée légère";"Chemise";"Viscose";"Été, Printemps";"longues";""
"566";"hauts";"homme";"Surchemise légère texturée";"Surchemise";"Coton / lin";"Été";"longues";""
"585";"hauts";"femme";"Polo manches courtes";"Polo";"Coton piqué";"Été, Printemps";"courtes";""
"586";"hauts";"femme";"Polo en maille fine manches courtes";"Polo maille";"Coton";"Été";"longues";""
"587";"hauts";"femme";"Chemise Oxford légère";"Chemise";"Coton";"Été, Automne, Printemps";"longues";""
"588";"hauts";"femme";"Chemise rayée oversize légère";"Chemise rayée";"Coton";"Été, Automne, Printemps";"longues";""
"589";"hauts";"femme";"Top sans manches structuré";"Top sans manches structuré";"Lin / viscose";"Été";"sans";""
"590";"hauts";"femme";"Blouse sans manches col travaillé";"Blouse sans manches";"Coton";"Été";"sans";""
"607";"hauts";"homme";"Polo manches courtes";"Polo";"Coton piqué";"Été, Printemps";"courtes";""
"608";"hauts";"homme";"Polo en maille fine";"Polo";"Coton";"Été";"longues";""
"609";"hauts";"homme";"Chemise Oxford";"Chemise";"Coton léger";"Été, Automne, Hiver, Printemps";"longues";""
"610";"hauts";"homme";"Chemise rayée";"Chemise";"Coton";"Été, Automne, Hiver, Printemps";"longues";""
"611";"hauts";"homme";"Chemise en lin manches longues";"Chemise";"Lin";"Été";"longues";""
"612";"hauts";"homme";"Chemise manches courtes";"Chemise manches courtes";"Lin";"Été";"longues";""
"613";"hauts";"homme";"T-shirt rayé type marinière";"T-shirt";"Coton";"Été";"courtes";""
"630";"hauts";"femme";"Caraco satiné";"Caraco";"Satin / viscose";"Été";"sans";""
"631";"hauts";"femme";"Chemise fluide";"Chemise";"Viscose";"Été, Automne, Hiver, Printemps";"longues";""
"632";"hauts";"femme";"Blouse fluide manches courtes";"Blouse";"Viscose";"Été";"courtes";""
"633";"hauts";"femme";"Top sans manches structuré";"Top sans manches structuré";"Lin / viscose";"Été";"sans";""
"634";"hauts";"femme";"Polo en maille fine";"Polo maille";"Coton";"Été";"longues";""
"647";"hauts";"homme";"T-shirt premium col rond";"T-shirt";"Coton";"Été";"courtes";""
"648";"hauts";"homme";"Polo manches courtes";"Polo";"Coton piqué";"Été";"courtes";""
"649";"hauts";"homme";"Chemise fluide col ouvert";"Chemise";"Lyocell / viscose";"Été";"longues";""
"650";"hauts";"homme";"Surchemise légère";"Surchemise";"Lin / coton";"Été";"longues";""
"658";"hauts";"femme";"Caraco fluide minimaliste";"Caraco";"Viscose";"Été";"sans";""
"659";"hauts";"femme";"Top structuré sans manches";"Top sans manches structuré";"Lin / viscose";"Été";"sans";""
"660";"hauts";"femme";"Top col bateau";"Top col bateau";"Coton / modal";"Été";"";""
"668";"hauts";"homme";"T-shirt épais coupe structurée";"T-shirt";"Coton";"Été, Printemps";"courtes";""
"669";"hauts";"homme";"Polo en maille fine sans logo";"Polo";"Coton";"Été";"longues";""
"670";"hauts";"homme";"Chemise col ouvert";"Chemise";"Lyocell / viscose";"Été";"longues";""
"671";"hauts";"homme";"Surchemise légère épurée";"Surchemise";"Lin / coton";"Été";"longues";""
"699";"hauts";"femme";"Blouse sans manches";"Blouse sans manches";"Viscose";"Été";"sans";""
"706";"hauts";"homme";"Chemise col ouvert";"Chemise";"Lin";"Été";"longues";""
"710";"hauts";"femme";"T-shirt oversize graphique";"T-shirt";"Coton";"Été, Automne, Hiver, Printemps";"courtes";""
"711";"hauts";"femme";"T-shirt baby tee ajusté";"T-shirt";"Coton";"Été";"courtes";""
"712";"hauts";"femme";"Débardeur côtelé";"Débardeur";"Coton";"Été";"sans";""
"713";"hauts";"femme";"Crop top manches courtes";"Crop top";"Coton";"Été";"courtes";""
"714";"hauts";"femme";"Maillot jersey oversize";"Maillot jersey";"Polyester respirant";"Été";"courtes";""
"715";"hauts";"femme";"Chemise oversize manches courtes";"Chemise manches courtes";"Coton";"Été, Printemps";"longues";""
"716";"hauts";"femme";"Top bandeau structuré";"Top bandeau structuré";"Coton / élasthanne";"Été";"sans";""
"717";"hauts";"femme";"Sweat léger oversize";"Sweat";"Coton léger";"Été, Automne, Hiver, Printemps";"longues";""
"732";"hauts";"homme";"T-shirt oversize uni";"T-shirt";"Coton";"Été, Automne, Hiver, Printemps";"courtes";""
"733";"hauts";"homme";"T-shirt oversize uni";"T-shirt";"Coton";"Été";"courtes";""
"734";"hauts";"homme";"T-shirt graphique oversize";"T-shirt";"Coton";"Été";"courtes";""
"735";"hauts";"homme";"Maillot jersey oversize";"Maillot jersey";"Polyester respirant";"Été";"courtes";""
"736";"hauts";"homme";"Chemise oversize manches courtes";"Chemise manches courtes";"Coton";"Été";"longues";""
"737";"hauts";"homme";"Chemise bowling";"Chemise bowling";"Viscose";"Été";"longues";""
"738";"hauts";"homme";"Polo oversize";"Polo";"Coton piqué";"Été";"courtes";""
"739";"hauts";"homme";"Sweat léger oversize";"Sweat";"Coton léger";"Été";"longues";""
"759";"hauts";"femme";"Top drapé col bénitier";"Top drapé col bénitier";"Satin / viscose";"Été, Printemps, Automne, Hiver";"";""
"760";"hauts";"femme";"Top asymétrique une épaule";"Top asymétrique";"Viscose";"Été";"";""
"761";"hauts";"femme";"Body décolleté drapé";"Body drapé";"Viscose / élasthanne";"Été, Printemps";"";""
"762";"hauts";"femme";"Blouse fluide satinée";"Blouse";"Satin / viscose";"Été";"";""
"763";"hauts";"femme";"Top bustier structuré";"Top bustier structuré";"Lin / viscose";"Été";"sans";""
"764";"hauts";"femme";"Top en dentelle";"Top dentelle";"Dentelle";"Été, Printemps, Automne";"";""
"772";"hauts";"femme";"Caraco satiné à fines bretelles";"Caraco satiné";"Satin / viscose";"Été";"sans";""
"783";"hauts";"femme";"Caraco à fines bretelles";"Caraco à fines bretelles";"Satin / viscose";"Été";"sans";""
"789";"hauts";"femme";"Polo manches longues";"Polo manches longues";"Coton piqué";"Automne";"longues";""
"802";"hauts";"homme";"Polo manches longues";"Polo manches longues";"Coton piqué";"Automne";"longues";""
"805";"hauts";"homme";"Sweat col rond premium";"Sweat";"Coton";"Automne, Printemps, Hiver";"longues";""
"822";"hauts";"femme";"Blouse fluide manches longues";"Blouse manches longues";"Viscose";"Automne, Printemps";"longues";""
"834";"hauts";"homme";"Chemise classique";"Chemise";"Coton";"Automne, Hiver, Printemps";"longues";""
"835";"hauts";"homme";"Polo en maille fine";"Polo";"Coton";"Automne, Printemps";"longues";""
"836";"hauts";"homme";"Surchemise";"Surchemise";"Laine légère / coton";"Automne, Hiver, Printemps";"longues";""
"883";"hauts";"femme";"Top cache-cœur manches longues";"Top cache-cœur manches longues";"Viscose";"Automne";"longues";""
"894";"hauts";"femme";"Surchemise épaisse";"Surchemise";"Laine mélangée";"Automne, Hiver, Printemps";"longues";""
"900";"hauts";"homme";"Chemise texturée";"Chemise";"Coton";"Automne, Hiver";"longues";""
"901";"hauts";"homme";"Chemise imprimée paisley";"Chemise imprimée paisley";"Viscose";"Automne, Hiver";"longues";""
"910";"hauts";"homme";"Surchemise épaisse";"Surchemise";"Laine mélangée";"Automne, Hiver, Printemps";"longues";""
"927";"hauts";"femme";"Blouse fluide à col lavallière";"Blouse lavallière";"Viscose";"Hiver, Printemps, Été, Automne";"";""
"928";"hauts";"femme";"Blouse à détails dentelle";"Blouse dentelle";"Viscose/dentelle";"Hiver, Printemps, Été, Automne";"";""
"929";"hauts";"femme";"Blouse manches longues légèrement bouffantes";"Blouse manches ballon manches longues";"Viscose";"Hiver, Printemps, Été, Automne";"longues";""
"945";"hauts";"femme";"Top manches longues ajusté";"Top manches longues";"Coton stretch";"Automne, Hiver, Printemps";"longues";""
"948";"hauts";"femme";"Chemise oversize à carreaux";"Chemise à carreaux";"Flanelle";"Automne, Printemps";"longues";""
"957";"hauts";"homme";"T-shirt graphique minimal";"T-shirt";"Coton";"Automne, Printemps";"courtes";""
"958";"hauts";"homme";"T-shirt manches longues";"T-shirt manches longues";"Coton épais";"Automne, Hiver, Printemps";"longues";""
"960";"hauts";"homme";"Chemise oversize à carreaux";"Chemise à carreaux";"Flanelle";"Automne, Printemps";"longues";""
"983";"hauts";"femme";"Débardeur côtelé";"Débardeur côtelé";"Coton";"Printemps";"sans";""
"985";"hauts";"homme";"Polo oversize en maille";"Polo maille";"Maille";"Printemps";"longues";""
"988";"hauts";"femme";"Marinière manches longues";"Marinière manches longues";"Coton";"Printemps";"longues";""
"996";"hauts";"homme";"Chemise Oxford";"Chemise Oxford";"Coton";"Printemps";"longues";""
"1004";"hauts";"femme";"Blouse manches ballon";"Blouse manches ballon";"Viscose";"Printemps";"";""
"1010";"hauts";"homme";"T-shirt texturé";"T-shirt texturé";"Coton";"Printemps";"courtes";""
"1016";"hauts";"homme";"Polo classique";"Polo";"Coton piqué";"Printemps";"courtes";""
"1051";"hauts";"homme";"Surchemise épaisse taupe";"Surchemise";"Laine/coton";"Automne, Hiver, Printemps";"longues";""
"1060";"hauts";"homme";"T-shirt coupe relaxed taupe";"T-shirt";"Coton";"Printemps";"courtes";""
"1061";"hauts";"femme";"Chemisier satiné";"Chemisier";"Satin de soie";"Printemps, Été, Automne, Hiver";"";""
"1062";"hauts";"femme";"Top en maille fine col carré";"Top maille col carré";"Maille fine";"Automne, Hiver, Printemps";"longues";""
"1063";"hauts";"femme";"Top drapé asymétrique";"Top drapé asymétrique";"Jersey de viscose";"Printemps, Été, Automne, Hiver";"";""
"1076";"hauts";"femme";"Body drapé manches longues";"Body drapé manches longues";"Jersey de viscose";"Printemps, Automne, Hiver";"longues";""
"1080";"hauts";"femme";"Top épaules dénudées";"Top épaules dénudées";"Maille stretch";"Printemps, Été";"";""
"1084";"hauts";"femme";"Body col carré manches longues";"Body col carré manches longues";"Jersey de viscose";"Automne, Hiver, Printemps";"longues";""
"454";"pulls_gilets";"femme";"Pull col V";"Pull col V";"Laine mérinos";"Automne, Hiver, Printemps";"longues";""
"455";"pulls_gilets";"femme";"Pull col roulé";"Pull col roulé";"Grosse maille";"Automne, Hiver";"longues";""
"462";"pulls_gilets";"femme";"Cardigan / Maille ajourée";"Cardigan maille";"Coton";"Printemps, Été, Automne";"longues";""
"493";"pulls_gilets";"femme";"Sweat à capuche (Hoodie) / Sweat zippé";"Sweat à capuche zippé";"";"Automne, Hiver, Printemps";"longues";""
"503";"pulls_gilets";"homme";"Pull col V";"Pull col V";"Laine mérinos";"Automne, Hiver, Printemps";"longues";""
"504";"pulls_gilets";"homme";"Pull col roulé";"Pull col roulé";"Grosse maille";"Automne, Hiver";"longues";""
"511";"pulls_gilets";"homme";"Cardigan / Maille ajourée";"Cardigan";"Coton";"Printemps, Été, Automne";"longues";""
"522";"pulls_gilets";"homme";"Sweat à capuche (Hoodie) / Sweat zippé";"Sweat à capuche zippé";"";"Automne, Hiver, Printemps";"longues";""
"687";"pulls_gilets";"femme";"Cardigan fin col rond";"Cardigan col rond";"Coton";"Été, Automne, Printemps";"longues";""
"785";"pulls_gilets";"femme";"Gilet en maille fine";"Gilet fin maille";"Coton";"Été";"longues";""
"790";"pulls_gilets";"femme";"Pull torsadé";"Pull torsadé";"Laine / coton";"Automne";"longues";""
"791";"pulls_gilets";"femme";"Pull sans manches col V";"Pull sans manches col V";"Laine";"Automne, Printemps";"sans";""
"798";"pulls_gilets";"femme";"Cardigan col V";"Cardigan col V";"Laine / coton";"Automne, Printemps";"longues";""
"803";"pulls_gilets";"homme";"Pull torsadé";"Pull torsadé";"Laine / coton";"Automne";"longues";""
"804";"pulls_gilets";"homme";"Pull sans manches col V";"Pull sans manches";"Laine";"Automne, Printemps";"sans";""
"811";"pulls_gilets";"homme";"Cardigan col V";"Cardigan col V";"Laine";"Automne";"longues";""
"814";"pulls_gilets";"femme";"Pull col rond fin";"Pull col rond";"Laine mérinos";"Automne, Hiver, Printemps";"longues";""
"815";"pulls_gilets";"femme";"Pull col roulé fin";"Pull col roulé";"Laine mérinos";"Automne, Hiver, Printemps";"longues";""
"816";"pulls_gilets";"femme";"Cardigan ample";"Cardigan";"Laine / coton";"Automne, Hiver";"longues";""
"823";"pulls_gilets";"femme";"Pull col V";"Pull col V";"Laine mérinos";"Automne, Hiver";"longues";""
"827";"pulls_gilets";"homme";"Pull col rond fin";"Pull col rond";"Laine mérinos";"Automne, Hiver, Printemps";"longues";""
"828";"pulls_gilets";"homme";"Pull col rond";"Pull col rond";"Laine / coton";"Automne, Hiver, Printemps";"longues";""
"837";"pulls_gilets";"femme";"Pull col roulé épais";"Pull col roulé épais";"Laine";"Hiver";"longues";""
"838";"pulls_gilets";"femme";"Pull oversize";"Pull oversize";"Laine / cachemire";"Hiver";"longues";""
"839";"pulls_gilets";"femme";"Cardigan épais";"Cardigan épais";"Laine";"Hiver";"longues";""
"845";"pulls_gilets";"homme";"Pull col roulé épais";"Pull col roulé épais";"Laine";"Hiver";"longues";""
"846";"pulls_gilets";"homme";"Cardigan épais";"Cardigan épais";"Laine";"Hiver";"longues";""
"863";"pulls_gilets";"homme";"Pull fin col V";"Pull col V";"Mérinos / coton";"Printemps";"longues";""
"865";"pulls_gilets";"femme";"Cardigan structuré";"Cardigan structuré";"Laine / cachemire";"Hiver";"longues";""
"873";"pulls_gilets";"homme";"Pull col roulé fin";"Pull col roulé fin";"Laine mérinos";"Hiver";"longues";""
"874";"pulls_gilets";"homme";"Pull col roulé épais";"Pull col roulé épais";"Laine / cachemire";"Hiver";"longues";""
"875";"pulls_gilets";"homme";"Cardigan structuré";"Cardigan structuré";"Laine";"Hiver, Automne, Printemps";"longues";""
"884";"pulls_gilets";"femme";"Pull ample col rond en alpaga";"Pull col rond";"Laine / alpaga";"Automne, Hiver";"longues";""
"885";"pulls_gilets";"femme";"Gilet sans manches en maille";"Gilet sans manches maille";"Laine / coton";"Automne";"sans";""
"902";"pulls_gilets";"homme";"Gilet sans manches en maille";"Gilet sans manches";"Laine / coton";"Automne";"sans";""
"917";"pulls_gilets";"femme";"Gilet sans manches épais";"Gilet sans manches épais";"Laine bouclée";"Hiver";"sans";""
"922";"pulls_gilets";"homme";"Gilet sans manches épais";"Gilet sans manches épais";"Laine bouclée";"Hiver";"sans";""
"930";"pulls_gilets";"femme";"Pull col roulé fin";"Pull col roulé";"Laine mérinos";"Hiver, Printemps, Automne";"longues";""
"931";"pulls_gilets";"femme";"Cardigan à boutons nacrés";"Cardigan";"Laine/mérinos";"Hiver, Printemps, Automne";"longues";""
"932";"pulls_gilets";"femme";"Pull maille douce manches ballon";"Pull manches ballon maille";"Laine/alpaga";"Hiver";"longues";""
"946";"pulls_gilets";"femme";"Hoodie oversize";"Hoodie";"Coton molleton";"Automne, Hiver";"";""
"947";"pulls_gilets";"femme";"Pull ample col rond en maille";"Pull col rond";"Maille";"Automne, Hiver";"longues";""
"959";"pulls_gilets";"homme";"Hoodie oversize";"Hoodie";"Coton molleton";"Automne, Hiver";"";""
"961";"pulls_gilets";"homme";"Pull ample texturé";"Pull texturé";"Maille";"Automne, Hiver";"longues";""
"973";"pulls_gilets";"femme";"Sweat graphique oversize";"Sweat graphique";"Molleton";"Hiver";"longues";""
"977";"pulls_gilets";"homme";"Pull col roulé oversize";"Pull col roulé";"Laine";"Hiver";"longues";""
"978";"pulls_gilets";"homme";"Sweat graphique oversize";"Sweat graphique";"Molleton";"Hiver";"longues";""
"997";"pulls_gilets";"homme";"Cardigan fin boutonné";"Cardigan fin";"Maille fine";"Printemps";"longues";""
"1005";"pulls_gilets";"femme";"Gilet sans manches en crochet";"Gilet crochet sans manches";"Coton";"Printemps";"sans";""
"1030";"pulls_gilets";"femme";"Pull col rond gris chiné";"Pull col rond";"Laine mérinos";"Automne, Hiver, Printemps";"longues";""
"1031";"pulls_gilets";"femme";"Pull col roulé fin écru";"Pull col roulé";"Laine mérinos";"Automne, Hiver";"longues";""
"1032";"pulls_gilets";"femme";"Cardigan droit beige";"Cardigan";"Laine";"Automne, Hiver, Printemps";"longues";""
"1044";"pulls_gilets";"homme";"Pull col roulé fin noir";"Pull col roulé";"Mérinos";"Automne, Hiver, Printemps";"longues";""
"1045";"pulls_gilets";"homme";"Pull col rond épais écru";"Pull col rond";"Laine";"Automne, Hiver";"longues";""
"1046";"pulls_gilets";"homme";"Cardigan droit beige";"Cardigan";"Laine";"Automne, Hiver, Printemps";"longues";""
"1082";"pulls_gilets";"femme";"Pull fin col V";"Pull col V";"Laine mérinos";"Automne, Hiver, Printemps";"longues";""
"472";"robes";"femme";"Robe d'été fluide";"Robe fluide bretelles";"";"Été";"sans";""
"473";"robes";"femme";"Robe noire";"Robe à bretelles";"Viscose";"Toutes saisons";"sans";""
"474";"robes";"femme";"Robe pull";"Robe maille";"Laine";"Automne, Hiver";"longues";""
"475";"robes";"femme";"Robe midi";"Slip dress";"Satin";"Printemps, Été, Automne, Hiver";"sans";""
"544";"robes";"femme";"Robe longue fleurie";"Robe fleurie";"Viscose";"Été, Printemps";"";""
"545";"robes";"femme";"Robe midi portefeuille";"Robe portefeuille";"Lin / viscose";"Été";"";""
"546";"robes";"femme";"Robe longue fluide à fines bretelles";"Robe";"Viscose";"Été";"sans";""
"547";"robes";"femme";"Robe courte ample brodée";"Robe";"Coton";"Été";"";""
"597";"robes";"femme";"Robe chemise ceinturée";"Robe chemise";"Coton";"Été, Printemps";"longues";""
"598";"robes";"femme";"Robe polo";"Robe polo";"Coton piqué";"Été, Printemps";"courtes";""
"599";"robes";"femme";"Robe droite sans manches";"Robe sans manches";"Lin";"Été";"sans";""
"600";"robes";"femme";"Robe midi rayée";"Robe rayée";"Coton / lin";"Été";"";""
"640";"robes";"femme";"Robe chemise midi ceinturée";"Robe chemise";"Lin / coton";"Été, Printemps";"longues";""
"641";"robes";"femme";"Robe midi portefeuille";"Robe portefeuille";"Viscose";"Été";"";""
"642";"robes";"femme";"Robe droite sans manches";"Robe sans manches";"Lin";"Été, Printemps";"sans";""
"643";"robes";"femme";"Robe longue fluide minimaliste";"Robe";"Viscose";"Été";"";""
"662";"robes";"femme";"Robe midi débardeur";"Robe";"Coton";"Été";"sans";""
"689";"robes";"femme";"Robe midi ligne A";"Robe";"Lin";"Été";"";""
"702";"robes";"femme";"Robe fourreau sans manches";"Robe fourreau sans manches";"Lin / viscose";"Été";"sans";""
"703";"robes";"femme";"Robe portefeuille midi";"Robe portefeuille";"Viscose";"Été";"";""
"725";"robes";"femme";"Robe T-shirt oversize";"Robe T-shirt";"Coton";"Été";"courtes";""
"766";"robes";"femme";"Robe longue fluide dos nu";"Robe dos nu";"Viscose";"Été";"sans";""
"767";"robes";"femme";"Robe asymétrique une épaule";"Robe asymétrique";"Viscose";"Été";"";""
"777";"robes";"femme";"Robe nuisette midi satinée";"Robe nuisette";"Satin / viscose";"Été, Printemps";"sans";""
"778";"robes";"femme";"Robe portefeuille midi";"Robe portefeuille";"Viscose";"Été";"";""
"779";"robes";"femme";"Robe fourreau midi";"Robe fourreau";"Viscose / élasthanne";"Été, Printemps, Automne, Hiver";"";""
"784";"robes";"femme";"Robe midi fleurie";"Robe fleurie";"Viscose";"Été, Hiver, Printemps, Automne";"";""
"795";"robes";"femme";"Robe pull col rond";"Robe pull col rond";"Maille";"Automne";"longues";""
"801";"robes";"femme";"Robe chemise midi ceinturée";"Robe chemise midi ceinturée";"Crêpe / viscose épaisse";"Automne, Hiver";"longues";""
"855";"robes";"femme";"Robe portefeuille midi";"Robe portefeuille";"Viscose";"Printemps";"";""
"856";"robes";"femme";"Robe droite fluide";"Robe droite";"Lin / viscose";"Printemps";"";""
"869";"robes";"femme";"Robe droite midi";"Robe droite";"Crêpe épais";"Hiver";"";""
"870";"robes";"femme";"Robe pull midi cintrée";"Robe pull";"Laine / mérinos";"Hiver";"longues";""
"889";"robes";"femme";"Robe longue manches longues";"Robe longue manches longues";"Viscose";"Automne, Hiver";"longues";""
"890";"robes";"femme";"Robe midi portefeuille";"Robe portefeuille";"Viscose";"Automne, Hiver, Printemps";"";""
"891";"robes";"femme";"Robe chemise longue ceinturée";"Robe chemise";"Tencel / viscose";"Automne, Printemps";"longues";""
"937";"robes";"femme";"Robe midi en velours";"Robe velours";"Velours";"Hiver";"";""
"992";"robes";"femme";"Robe midi cintrée";"Robe cintrée";"Crêpe";"Printemps";"";""
"993";"robes";"femme";"Robe portefeuille midi";"Robe portefeuille";"Crêpe / viscose";"Printemps";"";""
"1014";"robes";"femme";"Robe trapèze structurée";"Robe trapèze structurée";"Coton";"Printemps";"";""
"1020";"robes";"femme";"Robe trapèze structurée";"Robe trapèze structurée";"Coton";"Printemps";"";""
"1036";"robes";"femme";"Robe pull midi noire";"Robe maille";"Maille";"Automne, Hiver";"longues";""
"1037";"robes";"femme";"Robe midi droite gris anthracite";"Robe droite";"Maille";"Hiver";"";""
"1038";"robes";"femme";"Robe chemise noire";"Robe chemise";"Coton épais";"Automne, Hiver";"longues";""
"1059";"robes";"femme";"Robe midi droite noire";"Robe droite";"Crêpe";"Printemps, Été, Automne, Hiver";"";""
"1064";"robes";"femme";"Robe fluide manches ballon";"Robe manches ballon";"Viscose";"Printemps, Été";"";""
"1068";"robes";"femme";"Robe midi en maille";"Robe maille";"Maille fine";"Automne, Hiver";"longues";""
"1074";"robes";"femme";"Robe midi épaules dégagées";"Robe épaules dégagées";"Jersey structuré";"Printemps, Été";"";""
"1075";"robes";"femme";"Robe blazer cintrée";"Robe blazer";"Crêpe structuré";"Printemps, Automne, Hiver";"longues";""
"1079";"robes";"femme";"Robe courte structurée";"Robe courte structurée";"Crêpe";"Printemps, Été, Automne, Hiver";"";""
"456";"vestes_blazers";"femme";"Veste en jean";"Veste en jean";"Denim";"Printemps, Été, Automne";"longues";""
"457";"vestes_blazers";"femme";"Blazer noir en laine";"Blazer";"Laine mélangée";"Toutes saisons";"longues";""
"458";"vestes_blazers";"femme";"Blazer bleu marine";"Blazer";"Lin / coton";"Toutes saisons";"longues";""
"459";"vestes_blazers";"femme";"Blazer gris en laine";"Blazer";"Laine mélangée";"Toutes saisons";"longues";""
"460";"vestes_blazers";"femme";"Blazer marron en laine";"Blazer";"Laine mélangée";"Toutes saisons";"longues";""
"461";"vestes_blazers";"femme";"Blazer blanc";"Blazer";"Lin / viscose";"Toutes saisons";"longues";""
"505";"vestes_blazers";"homme";"Veste en jean";"Veste en jean";"Denim";"Printemps, Été, Automne";"longues";""
"506";"vestes_blazers";"homme";"Blazer noir en laine";"Blazer";"Laine mélangée";"Toutes saisons";"longues";""
"507";"vestes_blazers";"homme";"Blazer bleu marine";"Blazer";"Lin / coton";"Toutes saisons";"longues";""
"508";"vestes_blazers";"homme";"Blazer gris en laine";"Blazer";"Laine mélangée";"Toutes saisons";"longues";""
"509";"vestes_blazers";"homme";"Blazer marron en laine";"Blazer";"Laine mélangée";"Toutes saisons";"longues";""
"510";"vestes_blazers";"homme";"Blazer blanc";"Blazer";"Lin / viscose";"Toutes saisons";"longues";""
"621";"vestes_blazers";"homme";"Veste Harrington légère";"Veste Harrington";"Coton";"Été, Automne, Printemps";"longues";""
"644";"vestes_blazers";"femme";"Blazer léger oversize non doublé";"Blazer";"Lin / coton";"Été, Printemps";"longues";""
"675";"vestes_blazers";"homme";"Blazer déstructuré";"Blazer";"Lin / coton";"Été, Hiver, Printemps";"longues";""
"676";"vestes_blazers";"homme";"Veste légère minimaliste";"Veste";"Coton";"Été, Printemps";"longues";""
"690";"vestes_blazers";"femme";"Veste courte structurée";"Veste structurée";"Coton / lin";"Été";"longues";""
"695";"vestes_blazers";"homme";"Veste légère type safari";"Veste";"Lin / coton";"Été, Printemps";"longues";""
"726";"vestes_blazers";"femme";"Coupe-vent léger";"Coupe-vent";"Nylon";"Été";"";""
"748";"vestes_blazers";"homme";"Surchemise utilitaire légère";"Surchemise utilitaire";"Coton";"Été";"longues";""
"749";"vestes_blazers";"homme";"Coupe-vent léger";"Coupe-vent";"Nylon";"Été";"";""
"786";"vestes_blazers";"femme";"Veste courte en broderie";"Veste broderie";"Coton / broderie";"Été";"longues";""
"796";"vestes_blazers";"femme";"Veste matelassée légère";"Veste matelassée";"Polyester / coton";"Automne";"longues";""
"809";"vestes_blazers";"homme";"Blazer Prince-de-Galles";"Blazer";"Laine";"Automne";"longues";""
"810";"vestes_blazers";"homme";"Veste matelassée légère";"Veste matelassée";"Polyester / coton";"Automne";"longues";""
"877";"vestes_blazers";"homme";"Veste croisée";"Veste croisée";"Laine";"Hiver";"longues";""
"892";"vestes_blazers";"femme";"Veste en daim à franges discrètes";"Veste en daim";"Daim";"Automne, Hiver, Printemps";"longues";""
"893";"vestes_blazers";"femme";"Veste courte en velours côtelé";"Veste en velours côtelé";"Velours côtelé";"Automne";"longues";""
"908";"vestes_blazers";"homme";"Veste en daim";"Veste en daim";"Daim";"Automne, Hiver, Printemps";"longues";""
"909";"vestes_blazers";"homme";"Veste en velours côtelé";"Veste en velours côtelé";"Velours";"Automne, Hiver";"longues";""
"911";"vestes_blazers";"homme";"Veste workwear souple";"Veste workwear";"Coton";"Automne, Hiver, Printemps, Été";"longues";""
"951";"vestes_blazers";"femme";"Bomber oversize";"Bomber";"Nylon";"Automne, Hiver, Printemps";"";""
"952";"vestes_blazers";"femme";"Veste varsity";"Varsity";"Laine mélangée";"Automne, Hiver, Printemps";"longues";""
"953";"vestes_blazers";"femme";"Veste courte effet cuir";"Veste effet cuir";"Cuir / alternative";"Automne, Hiver, Printemps";"longues";""
"965";"vestes_blazers";"homme";"Bomber oversize";"Bomber";"Nylon";"Automne, Hiver, Printemps";"";""
"966";"vestes_blazers";"homme";"Veste varsity";"Varsity";"Laine mélangée";"Automne, Hiver, Printemps";"longues";""
"967";"vestes_blazers";"homme";"Surchemise épaisse";"Surchemise épaisse";"Coton épais";"Automne, Printemps";"longues";""
"994";"vestes_blazers";"femme";"Veste courte en tweed";"Veste en tweed";"Tweed";"Printemps, Automne, Hiver";"longues";""
"1000";"vestes_blazers";"homme";"Blazer droit";"Blazer";"Laine mélangée";"Printemps";"longues";""
"1001";"vestes_blazers";"homme";"Veste Harrington";"Veste Harrington";"Coton";"Printemps";"longues";""
"1007";"vestes_blazers";"femme";"Kimono long fluide";"Kimono";"Viscose";"Printemps, Été";"";""
"1017";"vestes_blazers";"homme";"Blazer structuré";"Blazer";"Laine mélangée";"Toutes saisons";"longues";""
"1023";"vestes_blazers";"homme";"Blazer structuré";"Blazer";"Laine mélangée";"Toutes saisons";"longues";""
"1039";"vestes_blazers";"femme";"Blazer oversize beige";"Blazer";"Laine";"Automne, Hiver, Printemps";"longues";""
"1067";"vestes_blazers";"femme";"Blazer cintré";"Blazer";"Laine mélangée";"Printemps, Automne, Hiver";"longues";""
"1071";"vestes_blazers";"femme";"Veste saharienne ceinturée";"Veste saharienne";"Coton / twill";"Printemps, Été, Automne";"longues";""
"1078";"vestes_blazers";"femme";"Blazer cintré";"Blazer";"Laine mélangée";"Printemps, Automne, Hiver";"longues";""
"1085";"vestes_blazers";"homme";"Blazer gris en lin";"Blazer";"Lin / coton";"Toutes saisons";"longues";""
"1086";"vestes_blazers";"femme";"Blazer gris en lin";"Blazer";"Lin / coton";"Toutes saisons";"longues";""
"1087";"vestes_blazers";"homme";"Blazer marron en lin";"Blazer";"Lin / coton";"Toutes saisons";"longues";""
"1088";"vestes_blazers";"femme";"Blazer marron en lin";"Blazer";"Lin / coton";"Toutes saisons";"longues";""
"1089";"vestes_blazers";"homme";"Blazer noir en lin";"Blazer";"Lin / coton";"Toutes saisons";"longues";""
"1090";"vestes_blazers";"femme";"Blazer noir en lin";"Blazer";"Lin / coton";"Toutes saisons";"longues";""
